Center, E[Ts]_Diff, E[Tq]_Diff, E[s]_Diff, E[Ns]_Diff, E[Nq]_Diff, ρ_Diff, λ_Diff
LUGGAGE CHECK,28.92145777596198,19.56245725498185,0.015918598790568117,20.449251465559108,13.041029283568193,0.04102775802495984,0.021297924790432687
CHECK_IN_TARGET,0.18229488035325403,3.69166535183183,0.03700575400097561,0.07730218238299769,0.19462581945897006,0.030299781931943937,0.008385187482452719
CHECK-IN OTHERS,1.6125475159192764,10.648827212479954,0.02021750024640845,0.5401151493352354,2.2726321551428263,0.04433925859408949,0.011875421254691376
SCAN_BOARDING_PASS,0.021283607326123333,0.050772311624472946,0.004555339037257522,0.1406084755830943,0.19808909805781277,0.03161734534778193,0.18353950812201747
SECURITY_CHECKS,0.556181011165279,3.1077226075313034,7.166205291213867E-4,2.9880398828267527,12.017280347029821,0.05362736300362636,0.27046183408746005
PASSPORT_CHECK,0.31329689708807873,4.558170001989341,0.005683655713894675,2.026396671573327,13.601847668698527,0.05663316266573715,0.2172169283204335
STAMP_CHECK,0.0068071371133489045,0.1840159372643534,0.00129090209236013,0.05293252679221988,0.5375296433738525,0.020685478372628074,0.22209849182915686
BOARDING,0.037343436121800355,12.70958813832056,0.019048352373297384,0.020765862861267387,0.6489399158923027,0.005575133895717052,0.011850323025157122
