Center, E[Ts]_Diff, E[Tq]_Diff, E[s]_Diff, E[Ns]_Diff, E[Nq]_Diff, ρ_Diff, λ_Diff
LUGGAGE CHECK,377.02314596887425,19.591604131080537,0.002775930058378062,270.1051541535588,13.060789166921415,0.060788038607417216,0.04476610783858126
CHECK_IN_TARGET,0.131467045745973,3.610941263812297,0.019010920653297347,0.10036816967021012,0.2606051867477886,0.03173541169738284,0.008933169354283454
CHECK-IN OTHERS,1.929439136379477,10.670923879524107,0.017324187203224373,0.6313693254862609,2.284364546942736,0.048408865863280415,0.013186160057020835
SCAN_BOARDING_PASS,0.005177182330809438,0.08866157889506329,1.4317724900569928E-5,0.10530432188709282,0.3715142621115577,0.025830398400435328,0.25746274513255685
SECURITY_CHECKS,4.24127142027652,3.1442802012370827,1.3864928636850293E-4,18.950755013513,12.967640264821448,0.057080736773786445,0.24916290976254896
PASSPORT_CHECK,0.03304159432473508,4.735045205462006,9.997627759292249E-5,1.1126863735104457,16.088983742460144,0.042077632916485586,0.19894314597388396
STAMP_CHECK,0.004460021657986563,0.1472251682861468,2.469098371037648E-4,0.04442660797072073,0.5096501874093838,0.01929078955892949,0.1989632341451495
BOARDING,0.10956715510550374,12.2050251292991,0.05449826396581292,0.020054907405253203,0.8484220711623821,0.010296705783530993,0.006106429504487254
