Center, E[Ts]_Diff, E[Tq]_Diff, E[s]_Diff, E[Ns]_Diff, E[Nq]_Diff, ρ_Diff, λ_Diff
LUGGAGE CHECK,Infinity,Infinity,0.0020481396191818213,Infinity,Infinity,0.43728350849345954,0.3129674837312411
CHECK_IN_TARGET,0.14776590831087333,13.29186979297992,0.08316078368164304,0.2698514039892658,0.5556293009525805,0.08724096271935039,0.027207668748019845
CHECK-IN OTHERS,6.743515912211668,10.175633244635083,0.02542199604323514,2.609447351864928,2.0799268675314204,0.321528263394709,0.09744711165658307
SCAN_BOARDING_PASS,0.025085952690294233,0.0696102808823946,8.749633752401509E-5,0.6849499252578303,0.11538522156775885,0.18781518341899384,1.8803613844460156
SECURITY_CHECKS,13.631940157444953,15.07534041001574,3.15412785279634E-4,63.113478715003325,63.32789119356829,0.42398586422193363,1.8808808314801468
PASSPORT_CHECK,0.08021839098347883,4.573353346496194,8.895244534304347E-5,7.798075920377341,9.241225254027432,0.313623892612007,1.504532745369257
STAMP_CHECK,0.029746835616265246,0.02927166619115743,4.748691866672261E-4,0.29082334314198366,0.139422171317976,0.1514011718240077,1.504532736490655
BOARDING,0.10689262178899783,22.35432726130028,0.05776794846550226,0.05281567873652497,0.9127447116208837,0.026109545656743123,0.028542136920630158
