Center, E[Ts]_Diff, E[Tq]_Diff, E[s]_Diff, E[Ns]_Diff, E[Nq]_Diff, ρ_Diff, λ_Diff
LUGGAGE CHECK,5070.330903550224,19.59986220927808,9.644257760317299E-4,405.8050661341563,13.066536913350493,0.06656815507554947,0.5083723833588176
CHECK_IN_TARGET,0.1070605463706169,4.4296322611993935,0.03092378075968316,0.05473877813360606,0.30305092530104166,0.017735980398506518,0.004685821213305255
CHECK-IN OTHERS,1.9965180988236053,10.659832458285445,0.0023704480934862993,1.1588467448370237,1.7049903547674927,0.050072869966117484,0.09147364379885581
SCAN_BOARDING_PASS,0.004928162028675298,0.08988738161934012,1.4521745259687968E-4,1.2154463235977755,0.10999384664909245,0.028201243292155176,3.7604928538109856
SECURITY_CHECKS,4.260314260393801,3.144574361126106,8.339030914611412E-5,11.535363878560345,6.6890587263499395,0.06448860128599432,3.7606422562400357
PASSPORT_CHECK,0.034888324471415544,4.735603772238577,1.1600814908668822E-5,14.915024795800166,1.174484665645024,0.048238448372564635,2.9689472932431777
STAMP_CHECK,0.005037493815991723,0.14445968407269705,7.084061487701299E-5,0.4354725962265491,0.10622325283255418,0.022891194001850912,2.968955526793385
BOARDING,0.013185244855533629,12.73708341798366,0.006749912191592822,0.009228011568181649,0.862977427281936,0.004613968820701184,0.004150495573926383
