Center, E[Ts]_Diff, E[Tq]_Diff, E[s]_Diff, E[Ns]_Diff, E[Nq]_Diff, ρ_Diff, λ_Diff
LUGGAGE CHECK,0.06127235474760617,0.05702555350651517,0.001790040886177402,0.036509137603846664,0.033925725886454705,0.002583411717392181,5.354834077379023E-4
CHECK_IN_TARGET,0.05388219406390782,2.687728908531805,3.98833059518893,0.0026286386588467714,0.19051841239286757,0.2758602262659791,6.100049793007906E-4
CHECK-IN OTHERS,0.9484057240290475,4.9770829892140585,0.8103951960590465,0.19476748256710597,1.150230984985251,0.16568135700904663,8.264117290823769E-5
SCAN_BOARDING_PASS,0.0015226960993410255,0.12786145332534793,0.07065173055215525,0.06252146152030247,0.5325249403380877,0.2799535981416104,0.16959646794936223
SECURITY_CHECKS,5.389574734348622,3.8249204794888723,0.010778868591472313,25.17333999095895,18.28778572325745,0.005070732298469216,0.17021861325288334
PASSPORT_CHECK,0.03396532116114592,4.669591143136663,0.08960893050276483,0.8356065063973439,15.66917164717187,0.26605517976410564,0.14215285155183732
STAMP_CHECK,0.001149228163153132,0.001367627926760373,2.2657592807179272E-4,0.027491515865061045,0.012824631310648343,0.014666884554412729,0.1539221659162564
BOARDING,0.009197922041820572,0.12590122424429614,0.8678822058703739,0.0025987439436206405,0.008693009933583526,0.058270746122795786,9.522229725374143E-4
