Center, E[Ts]_Diff, E[Tq]_Diff, E[s]_Diff, E[Ns]_Diff, E[Nq]_Diff, ρ_Diff, λ_Diff
LUGGAGE CHECK,Infinity,Infinity,0.9007554670918423,Infinity,Infinity,0.6567415400419263,5.354834077379023E-4
CHECK_IN_TARGET,0.08027470702179684,4.264098423938734,0.026846393175047556,0.014067164551329503,0.29028041804293614,0.0020794025172100328,7.743830296668142E-4
CHECK-IN OTHERS,0.6507005309059402,13.33344144658336,0.007230297528530993,0.11598771391450224,3.02709850908617,0.01291766469788247,4.863788960814408E-4
SCAN_BOARDING_PASS,0.0015827319898677472,0.09339071962354464,3.9226457460350694E-5,0.06035980904245508,0.39866111435200213,0.01648313963066078,0.16233812289459681
SECURITY_CHECKS,5.2101832864899364,15.245763176057393,6.057774974259078E-4,24.33826780200949,66.44476972136789,0.03583235879738211,0.1631869284023324
PASSPORT_CHECK,0.008093255300148705,4.782408926748974,1.9842546096848768E-4,0.717449436187465,16.09846292896329,0.031538412975368746,0.1359840396608618
STAMP_CHECK,0.0013897555917772308,0.0016082787367000112,2.268777745267625E-4,0.027404380126902272,0.013333288350687839,0.014071091776214462,0.14796912511718752
BOARDING,0.0038816739843117176,12.714898091684173,0.0018249613139251775,0.0020132419229636767,0.8637702651230632,0.0011101390719660958,8.394708646362742E-4
