Center, E[Ts]_Diff, E[Tq]_Diff, E[s]_Diff, E[Ns]_Diff, E[Nq]_Diff, ρ_Diff, λ_Diff
LUGGAGE CHECK,21.486414284475632,19.566935770202292,2.5789486817218155E-4,17.267952818250432,13.042855888217138,0.04366999402898064,0.0630354834077379
CHECK_IN_TARGET,0.04242998885946747,5.083171855008092,0.020441152594183887,0.026364058482504227,0.32689609238606343,0.00920212138040527,0.002753534681038783
CHECK-IN OTHERS,0.7310892684650625,10.363489789773194,0.004579950142579392,0.2287812450837623,2.169955122918233,0.00830078963799541,0.0037238298494850497
SCAN_BOARDING_PASS,0.0021900632059141945,0.07137943721544619,4.70727706959051E-5,0.0032882400569791415,0.28421212611399427,0.0031867731003499267,0.037074723569255674
SECURITY_CHECKS,1.6890154095956005,3.1308393660159632,5.84529774807413E-4,6.593593741358504,12.465343126747129,0.005421607996285105,0.037614606434827724
PASSPORT_CHECK,0.017504013762051684,4.713414894749433,1.3459096644879986E-4,0.12161026726201918,14.918244045132822,0.007810326486774044,0.0354089787062426
STAMP_CHECK,0.0020770859779009054,0.16828054496163009,2.1399745302869144E-4,3.5817663860904236E-5,0.5283461538555217,0.002254144076354825,0.04478588621842894
BOARDING,0.004164781119448069,13.141306243764172,0.0017951732884917693,0.003069806898004679,0.8486738261279629,0.0028979916590316096,0.0016896536999550654
