Center, E[Ts]_Diff, E[Tq]_Diff, E[s]_Diff, E[Ns]_Diff, E[Nq]_Diff, ρ_Diff, λ_Diff
LUGGAGE CHECK,21.486414284475632,19.566935770202292,2.5789486817218155E-4,15.550563166476113,13.043669994028958,0.04366999402898064,0.0630354834077379
CHECK_IN_TARGET,0.04242998885946747,5.083171855008092,0.020441152594183887,0.02960719969456438,0.3286591590413453,0.00920212138040527,0.002753534681038783
CHECK-IN OTHERS,0.7310892684650625,10.363489789773194,0.004579950142579392,0.21351138175806872,2.165015116239113,0.00830078963799541,0.0037238298494850497
SCAN_BOARDING_PASS,0.0021900632059141945,0.07137943721544619,4.70727706959051E-5,9.648356746647657E-4,0.28455732775777365,0.0031867731003499267,0.037074723569255674
SECURITY_CHECKS,1.6890154095956005,3.1308393660159632,5.84529774807413E-4,6.610514402307,12.470424047346036,0.005421607996285105,0.037614606434827724
PASSPORT_CHECK,0.017504013762051684,4.713414894749433,1.3459096644879986E-4,0.14316652131998175,14.898222819503562,0.007810326486774044,0.0354089787062426
STAMP_CHECK,0.0020770859779009054,0.16828054496163009,2.1399745302869144E-4,0.002339686689929954,0.5316659087822371,0.002254144076354825,0.04478588621842894
BOARDING,0.004164781119448069,13.141306243764172,0.0017951732884917693,0.005791725582930202,0.8664874081089233,0.0028979916590315957,0.0016896536999550515
