#Run, E[Ts], E[Tq], E[s], E[Ns], E[Nq], ρ, λ
1,2.2392316654231266,19.060211842771725,1.1196158327115586,0.1053574653301152,19.060211842771725,0.0525654969474105,0.047050721440296706
2,2.162120326374921,21.62122554455342,1.0810601631874626,0.0909097783608085,21.62122554455342,0.045454502871646006,0.04204658605343704
3,2.1649966424421376,22.767292270307284,1.081593841501112,0.08685729083412966,22.767292270307284,0.04338439707244911,0.0401189032497315
4,2.0980474964948628,22.5671195779226,1.0485739567084245,0.0850744471879375,22.5671195779226,0.04251389006694069,0.04054934281996404
5,2.0667410770464834,23.382180484107835,1.032905122511653,0.08122015331137307,23.382180484107835,0.040588867447568386,0.03929865923381284
6,2.045003502264666,23.6657249075432,1.021572040355631,0.0795446879058895,23.6657249075432,0.03973617201217035,0.038897091285076325
7,2.0401822311099367,23.484610790529036,1.0190546822826738,0.07993686448586511,23.484610790529036,0.03992735398461314,0.039181237473270424
