#Run, E[Ts], E[Tq], E[s], E[Ns], E[Nq], ρ, λ
1,2.1995978763682444,10.625314434402139,1.0958855426619896,0.16923419490222888,10.625314434402139,0.08550192951239723,0.0769386971684349
2,2.1800649373537815,11.733316491196549,1.0852142232248763,0.15573541590916345,11.733316491196549,0.07805193694876475,0.07143613625482143
3,2.1702767355432746,12.383287356866424,1.0807983253199602,0.14869529403682263,12.383287356866424,0.07430779955083727,0.06851443947289998
4,2.103129104351984,12.375223794874623,1.0469204394900118,0.14511395146564404,12.375223794874623,0.07235577855849792,0.06899906960792906
5,2.0754281330899578,12.707938503214985,1.0331723892206919,0.14035264888656587,12.707938503214985,0.06993045750675908,0.06762587759548425
6,2.0482975663445626,12.882442754447451,1.0202327839078398,0.13720113310073748,12.882442754447451,0.06836688679416322,0.06698300840418889
7,2.047035166823427,12.784512004228244,1.0192641439353207,0.13806797354670472,12.784512004228244,0.06876215161329746,0.06744777802765231
