#Run, E[Ts], E[Tq], E[s], E[Ns], E[Nq], ρ, λ
1,2.0213080211607775,12.745206194288905,1.0067499121915928,0.13694462014119516,12.745206194288905,0.06821396882070119,0.06775049557392639
