#Run, E[Ts], E[Tq], E[s], E[Ns], E[Nq], ρ, λ
1,2.1068406310519783,12.232712183937878,1.0476184909618849,0.14673829307143874,12.232712183937878,0.07311712784813497,0.06964850160411518
2,1.9840917938021096,13.202709645313732,0.99047821378471,0.0671631983520535,13.202709645313732,0.06523313994329914,0.033850852345570594
