#Run, E[Ts], E[Tq], E[s], E[Ns], E[Nq], ρ, λ
1,10.349946204101405,10.834557232213315,3.433442660234371,0.4925755116148174,10.834557232213315,0.16245381158427338,0.047592084239010145
2,10.830401660240392,12.479810529780872,3.5939827604592014,0.46559044401446625,12.479810529780872,0.15450176358699055,0.042989213015404634
3,10.5847741151517,13.02622705965877,3.4922871996512406,0.4507848318227154,13.02622705965877,0.1485884366253932,0.0425880445740863
4,9.895493190419785,14.530816352833241,3.280865920811522,0.4060372909781946,14.530816352833241,0.13460838540286185,0.04103254715705279
5,10.100578303514128,13.880404764557746,3.351481852905216,0.42196325403003354,13.880404764557746,0.14002518535268862,0.04177614799374674
6,10.200535266885883,14.55426264778628,3.3841213232404304,0.4128240985905491,14.55426264778628,0.13697221298687454,0.04047082704872408
7,10.176100409551992,14.840477755718378,3.3792771018028547,0.4073997192837403,14.840477755718378,0.1352884654254651,0.0400349547358364
