#Run, E[Ts], E[Tq], E[s], E[Ns], E[Nq], ρ, λ
1,15.175886522379379,-5.328912761890288,3.313928762747951,3.263891775751637,-5.328912761890288,0.7184087627409074,0.21507091338212653
2,17.272568275009025,-5.8215497412352075,3.392438431949253,3.948943238333287,-5.8215497412352075,0.7788386196214855,0.2286251341120389
3,17.128925631409718,-5.668148552130778,3.370949752847324,3.845342169499898,-5.668148552130778,0.7584199646974983,0.2244940664841584
4,17.72303791011202,-5.709989081715387,3.3841722190775134,3.985785577466254,-5.709989081715387,0.7617672961058801,0.2248929104412812
5,17.404103063102372,-5.493990392003568,3.318224210416668,3.9006848188832204,-5.493990392003568,0.743882669162561,0.22412443805580998
6,17.350251893971826,-5.442740399480029,3.3010515203742337,3.889202962059563,-5.442740399480029,0.7400773562153989,0.22415829959280467
7,17.43539034871212,-5.476310561397502,3.3223455527577492,3.8820266146929168,-5.476310561397502,0.7398236902199726,0.22265211945654353
