#Run, E[Ts], E[Tq], E[s], E[Ns], E[Nq], ρ, λ
1,17.857408239152498,-5.584071099980207,3.3556482711739206,3.983053269907466,-5.584071099980207,0.7485484726097482,0.22304766831586414
2,17.905091132668154,-5.546825237231647,3.3404544176200357,1.9988136224122988,-5.546825237231647,0.7465473320268261,0.11163381451689057
3,18.216167095861707,-5.74377974802341,3.407122398080345,1.3558146896867014,-5.74377974802341,0.7609281647773202,0.0744291970177805
4,16.989048344647713,-5.476410745359554,3.330384325739402,0.9464478305496079,-5.476410745359554,0.7376687648385039,0.05570929055880755
