#Run, E[Ts], E[Tq], E[s], E[Ns], E[Nq], ρ, λ
1,11.131627876025748,-2.093714276387751,3.3877885329203647,1.3797456640171932,-2.093714276387751,0.4198184528156282,0.12394823824364085
2,11.170211404546786,-2.4758849768529565,3.4166569001836318,1.4365558856110772,-2.4758849768529565,0.4394930827387909,0.12860597114807812
3,11.35440426855075,-2.4340851067117786,3.409861858323133,1.4566754304545226,-2.4340851067117786,0.43741410473999687,0.12829166515492135
4,11.298016668891973,-2.511596710855501,3.3866223772593,1.4772896992231064,-2.511596710855501,0.4427958467570588,0.1307565515716298
5,11.173854718102527,-2.375412876896196,3.3632986444255644,1.4484582299679691,-2.375412876896196,0.43597200484403764,0.1296292341819473
6,11.304283965764855,-2.4781457513020357,3.3900846163339344,1.4695915236885622,-2.4781457513020357,0.4407224356802395,0.13000306150652582
7,11.115554275933887,-2.3509966720054525,3.3562407689371923,1.4402591179309674,-2.3509966720054525,0.434874330567143,0.1295715069332395
