#Run, E[Ts], E[Tq], E[s], E[Ns], E[Nq], ρ, λ
1,15.075252168921025,-5.104951917234206,3.267573633480294,3.208684381076589,-5.104951917234206,0.6955586034905153,0.21284449143023806
