#Run, E[Ts], E[Tq], E[s], E[Ns], E[Nq], ρ, λ
1,12.215075022265367,-3.0802860197023847,3.449112164273824,1.6815025663034457,-3.0802860197023847,0.47462339459896885,0.13765798107980837
2,11.570852777451284,-2.3500506570394832,3.424491974191568,1.4605352871915966,-2.3500506570394832,0.43219843179277423,0.12622537986463858
3,11.48336882484756,-2.4047707685605015,3.448123211566639,1.4463829285356093,-2.4047707685605015,0.43429438561085254,0.12595458271843932
4,11.733515173514624,-2.7936212305023864,3.5057629763927243,1.5191884645071958,-2.7936212305023864,0.4538987322038445,0.12947428302955374
5,11.483948492540959,-2.6000056707245567,3.452524452782402,1.4802256715156878,-2.6000056707245567,0.4450524432150263,0.12889518552587748
6,11.274902659843862,-2.4975005046504903,3.411034358844456,1.4575373437050547,-2.4975005046504903,0.44095263777417615,0.12927272080992308
7,11.103279631936854,-2.410685813988657,3.365468165459161,1.4446967170222687,-2.410685813988657,0.4378859420356936,0.13011441348075425
