#Run, E[Ts], E[Tq], E[s], E[Ns], E[Nq], ρ, λ
1,16.954631165447857,-5.501277195134928,3.326071370025602,3.78717090621478,-5.501277195134928,0.7429346075717,0.2233708813396497
2,17.69395403239232,-5.50735869054168,3.348406062796363,1.962741362797897,-5.50735869054168,0.7378822690267782,0.11092723306530053
3,17.356248063336587,-5.519571861947923,3.3428383963764525,1.283368000933267,-5.519571861947923,0.7413795547672315,0.07394270906073641
4,17.271689228749075,-5.520183502687628,3.351204149934947,0.9565185236656354,-5.520183502687628,0.7392206184384916,0.05538071644280694
