#Run, E[Ts], E[Tq], E[s], E[Ns], E[Nq], ρ, λ
1,15.103934273970983,-5.427768992377678,3.305844418310045,3.360225945224268,-5.427768992377678,0.7363069027661272,0.22247355452380616
