#Run, E[Ts], E[Tq], E[s], E[Ns], E[Nq], ρ, λ
1,11.965444868699757,-3.358662690125606,3.483806010527884,1.694833619213695,-3.358662690125606,0.4911780884594454,0.14164401222115752
2,11.385836564549583,-2.6220886164215687,3.4037873655078457,1.5003843766998506,-2.6220886164215687,0.4484997640989099,0.1317763844750221
3,11.28673960683276,-2.6336462214055607,3.409625323011276,1.4854380718964224,-2.6336462214055607,0.4489166801143818,0.13160913812498773
4,11.523931184616039,-2.7555564059732545,3.452883813101314,1.515719063069577,-2.7555564059732545,0.45414187221972807,0.1315279515980621
5,11.266666092650755,-2.5133193341935116,3.3945485885822144,1.4685117900009694,-2.5133193341935116,0.4425559484167699,0.13034128977682932
6,11.201415178536474,-2.404575838803784,3.3851652043957423,1.4452061041567261,-2.404575838803784,0.43674367725797025,0.12901995695382754
7,11.170486778964289,-2.4022566338606426,3.3795241510367475,1.4439623674443522,-2.4022566338606426,0.4368389592663438,0.1292658409625936
