#Run, E[Ts], E[Tq], E[s], E[Ns], E[Nq], ρ, λ
1,17.639160258272568,-5.996904055496766,3.4185730320051273,4.140371736447803,-5.996904055496766,0.8027052124782652,0.2347261250436236
2,16.35720050406528,-5.720466532314017,3.4197075195446742,3.6044095551383926,-5.720466532314017,0.7534625888618867,0.2203561394410115
3,16.779950789994768,-5.666750035002404,3.3634607451937217,3.7948539606199367,-5.666750035002404,0.7603391495237032,0.22615405778678807
4,16.6994778625906,-5.570900736701256,3.339425332910633,3.755189151160992,-5.570900736701256,0.7508755470717515,0.22486865649693114
5,17.250664475408332,-5.71467752743648,3.383497942491823,3.888744944295471,-5.71467752743648,0.7627678230187493,0.22542580605164908
6,17.45243988764902,-5.64368227179036,3.3840517013911353,3.87089753686406,-5.64368227179036,0.7505982241002936,0.22179692706482085
7,17.458941835980838,-5.602564587061519,3.3648126669202547,3.8867749043455406,-5.602564587061519,0.7490889339531034,0.2226237386469409
