#Run, E[Ts], E[Tq], E[s], E[Ns], E[Nq], ρ, λ
1,13.94666544671183,-5.0738454070820405,3.354257588807236,2.7928457204568566,-5.0738454070820405,0.6723404345681242,0.20025186171762074
2,14.393300727992791,-5.197611237506893,3.306920957881257,3.0420546923515164,-5.197611237506893,0.7001513422901718,0.21135212484202323
3,14.787852512008653,-5.273150934505588,3.3095943957856426,3.1763221993221316,-5.273150934505588,0.7108796863752894,0.21479266152693643
4,15.402713126410111,-5.310825138757061,3.2821355079790435,3.3956978877417536,-5.310825138757061,0.7236416303108048,0.22046102267004852
5,16.412103216496515,-5.44074246145652,3.2973458370769166,3.686385326350785,-5.44074246145652,0.7407610145375915,0.22461382783928874
6,17.34907899073316,-5.5107583012763195,3.3395199586365885,3.848354330539308,-5.5107583012763195,0.7408311797548771,0.2218189410858564
7,16.797880412150345,-5.4546386825212325,3.3160281924612907,3.737920495250198,-5.4546386825212325,0.737969983404609,0.22252334244185135
