#Run, E[Ts], E[Tq], E[s], E[Ns], E[Nq], ρ, λ
1,14.508472795362291,-5.3583194940259355,3.282576468435112,3.23015054127037,-5.3583194940259355,0.7311821672126251,0.22263890809395903
