#Run, E[Ts], E[Tq], E[s], E[Ns], E[Nq], ρ, λ
1,18.116240855274643,-5.574403902550904,3.337713328477976,4.081201999252008,-5.574403902550904,0.7519512911229637,0.22527863434006754
2,16.522411027680935,-5.470326461069423,3.315168092677437,1.8534436850055394,-5.470326461069423,0.7407902497441542,0.11217755579983815
3,15.864545086931253,-5.38081712234001,3.308141913548418,1.1787578354502433,-5.38081712234001,0.7280868999633044,0.07430139528055357
4,16.612287854382593,-5.480805350080455,3.3380162374334517,0.9233029528840498,-5.480805350080455,0.7363417250555124,0.055579518063820894
