#Run, E[Ts], E[Tq], E[s], E[Ns], E[Nq], ρ, λ
1,10.652555921527775,-2.056254299716629,3.4339429853153445,1.2909625629183974,-2.056254299716629,0.41645890413726994,0.12118805781713742
2,10.603793841644967,-1.949394095784916,3.3411008603933925,1.3136555752759906,-1.949394095784916,0.41381455665952194,0.12388543146857364
3,10.75969561504255,-2.040485176478491,3.3420195884726773,1.3479503314774592,-2.040485176478491,0.4185071430687907,0.12527773830264888
4,11.222544927111485,-2.244305389974565,3.3647636423816785,1.4296698528312124,-2.244305389974565,0.42863310084447726,0.12739266023140688
5,11.216100052049436,-2.247081825846866,3.386158974372569,1.417385442987886,-2.247081825846866,0.42801034871089644,0.12637061335137587
6,10.962136344393965,-2.172637991196394,3.3385340574987823,1.3976203131458307,-2.172637991196394,0.4256724855965654,0.12749524994373687
7,10.907365547256472,-2.171779718125429,3.3270103556305126,1.3967334167003405,-2.171779718125429,0.4260344823138767,0.12805414934054912
