#Run, E[Ts], E[Tq], E[s], E[Ns], E[Nq], ρ, λ
1,11.042534123896813,-2.2849057392673995,3.4248347644394563,1.3835519803958598,-2.2849057392673995,0.4286616832209875,0.12529297757855754
2,10.927149488276857,-2.2737001222639286,3.36545950856994,1.396237736777909,-2.2737001222639286,0.4302183133448838,0.12777694112045015
3,11.166388008953193,-2.541647684698898,3.407207861070701,1.4534421183222168,-2.541647684698898,0.4436482491735833,0.13016224379421967
4,11.021075449730533,-2.4482527037610016,3.3547168941894943,1.4473280221979268,-2.4482527037610016,0.4404886861043253,0.13132366517219643
5,10.765338190925334,-2.1524367206533324,3.2934777351865225,1.3927917041719111,-2.1524367206533324,0.42617484902058456,0.1293774221924554
6,10.800747742522333,-2.1903538795019615,3.31071471514754,1.3951544156232134,-2.1903538795019615,0.427642005456121,0.12917202113058504
7,10.844821086712649,-2.1971960254702467,3.30365220108688,1.4059556102185171,-2.1971960254702467,0.4282803656881467,0.1296430433454665
