#Run, E[Ts], E[Tq], E[s], E[Ns], E[Nq], ρ, λ
1,14.939752897517742,-5.257100870638196,3.326473638263343,3.162561284576244,-5.257100870638196,0.7044151195095045,0.21168765683545593
