#Run, E[Ts], E[Tq], E[s], E[Ns], E[Nq], ρ, λ
1,11.631556401625973,-2.529639620068011,3.4805653025635777,1.473151110361033,-2.529639620068011,0.43990653959431797,0.12665124592914337
2,10.619266386198662,-1.8668591741776346,3.28944805032473,1.3255502952288856,-1.8668591741776346,0.4111046961737446,0.12482503470782484
3,12.044381945090624,-2.878786368404175,3.4957263133075287,1.5825156747036238,-2.878786368404175,0.45945661720894676,0.13139035958160297
4,11.276577576122978,-2.477690956414779,3.3947529160782355,1.4631042063843298,-2.477690956414779,0.4405012721333053,0.12974718583786504
5,11.238229363018768,-2.501284112748157,3.377683679719068,1.472615866141514,-2.501284112748157,0.4425821323278225,0.1310362885978638
6,11.018760070121855,-2.34491351715747,3.3465906882921836,1.431961327947829,-2.34491351715747,0.43491256759803393,0.12995666652463855
7,10.949971264244773,-2.262238475432416,3.332334148528236,1.4156684234659165,-2.262238475432416,0.4308255767580487,0.12928512681019863
