#Run, E[Ts], E[Tq], E[s], E[Ns], E[Nq], ρ, λ
1,20.394565685215966,-5.851651808433652,3.4781823523757525,4.451302744750503,-5.851651808433652,0.7589486915214217,0.2182592565811419
