#Run, E[Ts], E[Tq], E[s], E[Ns], E[Nq], ρ, λ
1,14.972854839202965,-5.464344152249734,3.352462664675769,3.2636179112246064,-5.464344152249734,0.7298999922844885,0.21796898095075204
2,20.366077802014324,-5.8366910227352555,3.4727148646233013,4.441659425979647,-5.8366910227352555,0.7579941192688425,0.21809105656761954
3,19.512231689519236,-5.864242726336231,3.4573604911651867,4.328303962903601,-5.864242726336231,0.7669663191355026,0.22182516237896552
4,17.62745576078107,-5.519419091008868,3.3464133722026568,3.8988737774172453,-5.519419091008868,0.7403862571658109,0.2211818784473572
5,17.901042512944024,-5.565633333025113,3.3427418100698403,4.008781743993994,-5.565633333025113,0.7490583358893329,0.22394124482388628
6,17.892716582735755,-5.54918156680866,3.3453517872420004,3.987681363201288,-5.54918156680866,0.7455863347508375,0.22286617824421945
7,16.99253295439739,-5.511754433158022,3.335143526543145,3.7812831417269446,-5.511754433158022,0.7421860004669035,0.22252616204274656
