#Run, E[Ts], E[Tq], E[s], E[Ns], E[Nq], ρ, λ
1,17.854516608838235,-5.433698503275496,3.310814298518474,3.9466823572625547,-5.433698503275496,0.735941856176581,0.2210467213270222
2,17.19296172485825,-5.444217296983731,3.3123781043325615,3.8134598443272143,-5.444217296983731,0.7372444433151921,0.22180354411035338
3,20.781363441750358,-5.69770377401178,3.3976044477010245,4.617263032858383,-5.69770377401178,0.7558446341471191,0.2221828729284513
4,20.250851132640907,-5.709209490139598,3.39150229721227,4.533036855564338,-5.709209490139598,0.7595243927258016,0.22384426342741998
5,19.020299522471785,-5.673441402753544,3.3778931382552346,4.263063325879972,-5.673441402753544,0.7573347272405663,0.2241322919675013
6,18.100333582944195,-5.616350679006211,3.367710223274488,4.033632216072237,-5.616350679006211,0.7505851033852609,0.2228485015255795
7,18.408052317904584,-5.630501867949299,3.371409248878523,4.105271505451258,-5.630501867949299,0.7519213573926926,0.2230149846683273
