#Run, E[Ts], E[Tq], E[s], E[Ns], E[Nq], ρ, λ
1,16.30032543388561,-5.529645838901015,3.4363088428400244,3.4072497895968534,-5.529645838901015,0.7190012610692514,0.20902955609179183
