#Run, E[Ts], E[Tq], E[s], E[Ns], E[Nq], ρ, λ
1,10.55328792828312,-1.617599470849584,3.172435654801077,1.3301315322199045,-1.617599470849584,0.401589002806732,0.12603953774966312
2,10.460879517862548,-1.5703311390831178,3.1619354309514702,1.3195269429641157,-1.5703311390831178,0.39946249208362183,0.1261391970637792
3,10.816656676557493,-1.953477536962482,3.2777244634697897,1.3717789698018568,-1.953477536962482,0.415970936496995,0.12682097720406144
4,10.855293086219465,-2.178103455824555,3.3080992629016532,1.4011192706919298,-2.178103455824555,0.4270612278418717,0.12907244968545503
5,10.705896469170385,-2.089945471791721,3.280740116333071,1.3810098685631809,-2.089945471791721,0.423197083217314,0.12899525719682187
6,10.667601536704254,-2.0807644732744697,3.2713319544508934,1.3794785909882976,-2.0807644732744697,0.4230226394942786,0.12931478423166584
7,10.864150580487067,-2.1755544449752184,3.3077638911751763,1.4022065329167903,-2.1755544449752184,0.42693289583778204,0.12906729546212953
