#Run, E[Ts], E[Tq], E[s], E[Ns], E[Nq], ρ, λ
1,16.8369522575467,-5.464058602478364,3.3156767020464657,3.7556460847176427,-5.464058602478364,0.7396158327882985,0.22305973357109676
2,17.022667988130497,-5.547166411530343,3.341524911076372,1.8997379203606768,-5.547166411530343,0.7463078350219718,0.11160048011776527
3,17.420182033904247,-5.570976406772926,3.3746052305064977,1.2890656860961858,-5.570976406772926,0.7412089510412722,0.07399840504463877
4,17.44202650992314,-5.520115280051426,3.34627992427068,0.9672534673391001,-5.520115280051426,0.7405363902206715,0.05545533753138198
