#Run, E[Ts], E[Tq], E[s], E[Ns], E[Nq], ρ, λ
1,10.228671817085065,4.5512435319138405,3.3642571140930166,0.698473254951045,4.5512435319138405,0.22973598039850654,0.06828582121330526
