#Run, E[Ts], E[Tq], E[s], E[Ns], E[Nq], ρ, λ
1,16.536890888807118,-5.495559787610127,3.3339888444142964,3.6695621426183886,-5.495559787610127,0.7398330937715117,0.22190157553147472
2,17.709162546604997,-5.506622394045399,3.3204183145130126,1.9762763894692243,-5.506622394045399,0.7453854560665047,0.11159626460417203
3,17.756430373387136,-5.588288898426545,3.367723422390997,1.3176160771372996,-5.588288898426545,0.7459162594400666,0.0742050090829127
4,16.71916299484925,-5.4249254218904275,3.30470799861745,0.9306211249785099,-5.4249254218904275,0.736146540227757,0.05566194463593726
