#Run, E[Ts], E[Tq], E[s], E[Ns], E[Nq], ρ, λ
1,13.80911062897013,-4.213562077774552,3.7071124061090663,2.0052180149092127,-4.213562077774552,0.536657944226668,0.14520978713158156
2,12.1148493335805,-3.2403042573524146,3.4550120057910525,1.7009269455791323,-3.2403042573524146,0.4849322223158326,0.1404001732703703
3,11.79516080901389,-2.7819926727065645,3.4577369985131625,1.5545581010833398,-2.7819926727065645,0.4554917078478636,0.1317962617258548
4,11.347306792515973,-2.5367644565874556,3.395660284199215,1.4832924147113793,-2.5367644565874556,0.4438646057084281,0.13071757394359632
5,11.070526680294654,-2.3111105137434467,3.3640167315515117,1.4227983038081906,-2.3111105137434467,0.4323406772840593,0.12852128402714091
6,11.113974862187915,-2.3250191573872767,3.3647396282087008,1.4305461082385005,-2.3250191573872767,0.4330870290812474,0.12871597479543703
7,11.063292108122475,-2.2989556942774216,3.3525599365735927,1.4259377134703266,-2.2989556942774216,0.4321019650512496,0.12888909553634836
