#Run, E[Ts], E[Tq], E[s], E[Ns], E[Nq], ρ, λ
1,17.01606318897593,-5.482412725292003,3.3310174836763573,3.772345727258073,-5.482412725292003,0.7384800574229073,0.22169321336923772
2,16.560866063811602,-5.434922375295888,3.319115815792291,1.8332779420117988,-5.434922375295888,0.7339238932409788,0.11069940031806867
3,16.708947278590834,-5.382990412920864,3.3005743049943583,1.2329256048079655,-5.382990412920864,0.7304203786101694,0.07378834729987523
4,18.074218390404376,-5.54462946164563,3.346274384672329,1.0015281502425029,-5.54462946164563,0.7445772509432432,0.05541197569982973
