#Run, E[Ts], E[Tq], E[s], E[Ns], E[Nq], ρ, λ
1,10.902995924918807,-2.2756007510369862,3.3458879177403698,1.4030433089604033,-2.2756007510369862,0.43105652669900896,0.12868420006961082
2,11.202614640994147,-2.507131822432395,3.385227732946682,1.4663773105674676,-2.507131822432395,0.4425972404903484,0.13089598790638554
3,11.118316886199779,-2.404023984282116,3.379635106844958,1.4377124060847708,-2.404023984282116,0.43693431869534755,0.12931025629151485
4,11.271586122406378,-2.4922104717340376,3.3944015125333995,1.4666592066553295,-2.4922104717340376,0.44134756618761234,0.13012003729801708
5,11.465239268740474,-2.5405245438665554,3.4285324658235754,1.4800342475063186,-2.5405245438665554,0.44267271988643814,0.12908882342661387
6,11.273139281460212,-2.424347469383398,3.4049147451542208,1.4469970584501493,-2.424347469383398,0.4370656395807475,0.128357950906353
7,11.063936886339178,-2.28013189621284,3.3563309759489077,1.4205033617072687,-2.28013189621284,0.4309142199761195,0.1283904071670173
