#Run, E[Ts], E[Tq], E[s], E[Ns], E[Nq], ρ, λ
1,14.90442774152585,-5.166736286416257,3.2435561439469045,3.266855312474401,-5.166736286416257,0.7106933321080842,0.2191868999688246
