#Run, E[Ts], E[Tq], E[s], E[Ns], E[Nq], ρ, λ
1,10.520968611700969,2.2350541378606867,3.409258229080622,0.8401957633270225,2.2350541378606867,0.2735541245831536,0.07985916452526937
2,10.1703508839319,3.751366265585402,3.299043428434046,0.7428841084921266,3.751366265585402,0.24171478639671226,0.07304409818011358
3,10.413814825201296,3.2893828602352952,3.4138524990780166,0.7670902366878888,3.2893828602352952,0.252299722627445,0.07366082934675777
4,10.065313919346453,4.137812167908191,3.3116383964944878,0.714436654519828,4.137812167908191,0.2353231404540116,0.0709800668160598
5,10.258474108684469,3.859459420268043,3.3600933033113165,0.7349394929906641,3.859459420268043,0.24104419915739037,0.07164218432529744
6,10.140668039571825,4.390055597486091,3.3255813247795825,0.7059231068260096,4.390055597486091,0.23147683714482103,0.06961307717315005
7,10.201957826786042,4.4647372923435,3.3469425967283466,0.703249162570004,4.4647372923435,0.23073507151814612,0.0689327651133362
