#Run, E[Ts], E[Tq], E[s], E[Ns], E[Nq], ρ, λ
1,10.824732988234212,-2.5926673677690038,3.4131882456246108,1.4126449868779885,-2.5926673677690038,0.446349425247245,0.1305016011400413
2,10.625255564056607,-2.30233657608017,3.3458995247164527,1.372950029753101,-2.30233657608017,0.43254595267184887,0.12921571829270181
3,10.57144538371597,-2.1262346796651164,3.278477269303062,1.3695998396672087,-2.1262346796651164,0.4252683145553191,0.12955653554970933
4,10.929991741854863,-2.1533954848900914,3.3070490444151397,1.4072781030846324,-2.1533954848900914,0.4257408313402172,0.12875381210908507
5,11.11462175164637,-2.3309977129552895,3.345738784735111,1.4424011742386105,-2.3309977129552895,0.43416089530940055,0.12977510224537805
6,11.114288290970723,-2.361730064358173,3.3550742038271566,1.4427953462345258,-2.361730064358173,0.4355263775883105,0.1298144612108592
7,11.039620599732377,-2.3256084329909936,3.343849976120809,1.4326276468168981,-2.3256084329909936,0.43393139931431995,0.12977145671578857
