#Run, E[Ts], E[Tq], E[s], E[Ns], E[Nq], ρ, λ
1,17.819719548468665,-5.677934443916112,3.3868730483808296,3.975535021365788,-5.677934443916112,0.7555456772264725,0.22309750782286722
2,17.332371203440413,-5.5055259691547,3.323282978619108,1.9371832747293256,-5.5055259691547,0.7444091754575063,0.11176677743578453
3,17.83728472185191,-5.5620242355823635,3.355397021531448,1.326026233637144,-5.5620242355823635,0.7449539834801094,0.07434013945029817
4,17.30568103381692,-5.520097354951441,3.3377015052898016,0.9643900152806832,-5.520097354951441,0.742865832559207,0.05572678783320777
