#Run, E[Ts], E[Tq], E[s], E[Ns], E[Nq], ρ, λ
1,10.532892454721289,-1.5140958455432665,3.331649172952805,1.2433402432708578,-1.5140958455432665,0.3928437026479051,0.11804357147058309
2,11.41473025341705,-2.310674365757207,3.4638340453273586,1.4128949308606638,-2.310674365757207,0.4286484186793859,0.1237782145958033
3,10.918085917500793,-2.085636371278535,3.342962915877368,1.374776063149838,-2.085636371278535,0.420855684483739,0.12591731495226513
4,10.79029821785854,-2.1541331493386706,3.3040968092597294,1.3909548494331327,-2.1541331493386706,0.4258868041308763,0.12890791536521443
5,10.850237319054417,-2.240667297686817,3.3160077917364075,1.40764325438109,-2.240667297686817,0.4302393399738145,0.12973386783983856
6,10.768518902921661,-2.1401807514531117,3.297426104382476,1.3891641073159284,-2.1401807514531117,0.42535921125092013,0.12900233726097907
7,10.83911274501942,-2.1810289879254783,3.311712221549152,1.3979552788985858,-2.1810289879254783,0.4270913378583836,0.12897322057480648
