#Run, E[Ts], E[Tq], E[s], E[Ns], E[Nq], ρ, λ
1,11.370340907448847,-2.17733924759675,3.5647596908890953,1.3362934258806198,-2.17733924759675,0.41854935741072624,0.11752448205006746
2,12.37896219847353,-2.814153755428383,3.637454360290929,1.5287557642558633,-2.814153755428383,0.4491677374727921,0.12349627858499937
3,11.415413066474464,-2.2144889170426665,3.421342187477789,1.4181522740596761,-2.2144889170426665,0.4250358639464102,0.1242313585852271
4,10.871644755174716,-2.0143596381454336,3.3053643928925904,1.3757767929853588,-2.0143596381454336,0.41830876426515246,0.1265472542533652
5,10.969921889939505,-2.168470137078729,3.3323642749294007,1.401479839124313,-2.168470137078729,0.42566418230387293,0.12775659236093628
6,10.953670187750035,-2.1360894139801756,3.3195322987806475,1.4003317511844697,-2.1360894139801756,0.42435655143386536,0.12784132872199508
7,10.922772920894772,-2.1977805280002625,3.325579833973587,1.4041334304355269,-2.1977805280002625,0.42750962501831213,0.1285510044568887
