#Run, E[Ts], E[Tq], E[s], E[Ns], E[Nq], ρ, λ
1,16.908490800055567,-5.463295154328689,3.331510984721104,3.731444423135174,-5.463295154328689,0.735231989996794,0.22068465289184244
2,18.25199457380282,-5.5749051897541175,3.3532671727933203,2.0242064710285264,-5.5749051897541175,0.747679974538174,0.11090330225792858
3,16.664448830297857,-5.4675801330051055,3.3378762689074963,1.2286090937861949,-5.4675801330051055,0.7342368083749654,0.07372635640684642
4,18.015860761521814,-5.66942894636016,3.396056358360163,0.9963242954769502,-5.66942894636016,0.7515493835937624,0.05530261965639159
