#Run, E[Ts], E[Tq], E[s], E[Ns], E[Nq], ρ, λ
1,13.109284734151302,-5.321048390476416,3.334811955458982,2.7770777150182004,-5.321048390476416,0.7120512604645762,0.2118405215338386
2,17.818907287180675,-5.683316712094921,3.399820918084583,3.938011650529095,-5.683316712094921,0.752814653544593,0.2210018598257251
3,18.456816486949233,-5.812161814104326,3.450433870058681,4.062942189159183,-5.812161814104326,0.7601514879635943,0.22013233929221104
4,20.02111687727964,-5.953588258608983,3.4878010518844818,4.43805353362488,-5.953588258608983,0.7733800902050848,0.22166862921924557
5,18.90914655191436,-5.832870169725472,3.4356905182781166,4.225333116954413,-5.832870169725472,0.7678891097108073,0.2234544592139004
6,17.70080193491678,-5.663353323906654,3.3923060306035455,3.9217109535834327,-5.663353323906654,0.751580226504398,0.22155555256778658
7,17.162165207180177,-5.556420551108928,3.3517019742724865,3.814753132528766,-5.556420551108928,0.7450403167447032,0.2222769147410828
