#Run, E[Ts], E[Tq], E[s], E[Ns], E[Nq], ρ, λ
1,24.843478334683052,-6.0801274479134335,3.4315628076975266,5.8681319649852774,-6.0801274479134335,0.8142159593625676,0.2362041210949514
2,22.279204860052477,-6.214421419475575,3.5080603152334366,5.15509755666065,-6.214421419475575,0.8139805234809536,0.23138606557292132
3,19.38767432114691,-5.878909888535562,3.4330148392966184,4.382508426399954,-5.878909888535562,0.7766765329946801,0.2260461133092058
4,20.72967345935652,-5.678094976522998,3.3889731720165184,4.615792676092208,-5.678094976522998,0.7549800938251775,0.2226659616776949
5,18.753890847258106,-5.515821206569535,3.344188196017275,4.151472117757012,-5.515821206569535,0.7403980951691329,0.22136591022998164
6,17.55844468023092,-5.486039530471718,3.33260021980173,3.8914916296246993,-5.486039530471718,0.7386473096791625,0.2216307708624179
7,17.703048099090775,-5.571739176336672,3.3586056456361173,3.9302600377880434,-5.571739176336672,0.7456810970354623,0.2220103575265042
