#Run, E[Ts], E[Tq], E[s], E[Ns], E[Nq], ρ, λ
1,17.19614795558727,-5.367063977149415,3.285114482929219,3.8248626412427202,-5.367063977149415,0.7319318023060042,0.2224255485077964
