#Run, E[Ts], E[Tq], E[s], E[Ns], E[Nq], ρ, λ
1,17.335038564232544,-5.508600242108716,3.3402655673045962,3.8415179196924356,-5.508600242108716,0.7402748521833856,0.22160423269081472
2,16.586550580493267,-5.457829043473422,3.3225758020234117,1.8383972733754037,-5.457829043473422,0.7367296410889095,0.11083662419463298
3,18.066849870375332,-5.459339466446349,3.322838089073271,1.3351678961929971,-5.459339466446349,0.7369060273519005,0.07390153268402952
4,17.102118432584273,-5.570784152472169,3.359317881888385,0.9480669795527628,-5.570784152472169,0.7453276134748962,0.0554356457821291
