#Run, E[Ts], E[Tq], E[s], E[Ns], E[Nq], ρ, λ
1,16.713070244008648,-5.463506757704101,3.4088202052043624,3.5083374581842035,-5.463506757704101,0.7156945683074262,0.20991579685616907
