#Run, E[Ts], E[Tq], E[s], E[Ns], E[Nq], ρ, λ
1,10.919299834028545,-2.060319551194861,3.253211468420313,1.4200142927797703,-2.060319551194861,0.4225325928452273,0.13004627717561934
2,11.08608467874782,-2.264282931915499,3.2638336032926003,1.4733203957304777,-2.264282931915499,0.43360424212619636,0.1328981726573723
3,11.40023467329234,-2.388878973448465,3.354396239587281,1.4849545057044782,-2.388878973448465,0.4370941949060339,0.13025648578825522
4,11.16568266344548,-2.4263019478673766,3.3241437411743906,1.479740243666689,-2.4263019478673766,0.4405097792186321,0.13252572979806274
5,11.034732677677908,-2.263733799269584,3.3164659511643104,1.4358217389611536,-2.263733799269584,0.43151325998198936,0.1301183980528743
6,10.98315300919921,-2.2538642422883766,3.3176031029097643,1.4266621558418002,-2.2538642422883766,0.43091658328242005,0.12989550037651887
7,10.903235852937984,-2.178294272344774,3.3102930560593227,1.406354310358885,-2.178294272344774,0.42699217106780935,0.12898503979256112
