#Run, E[Ts], E[Tq], E[s], E[Ns], E[Nq], ρ, λ
1,10.744180220984287,-2.2458007081323217,3.2773224400002814,1.4180188922185701,-2.2458007081323217,0.4320129793712843,0.1319801849050391
2,10.610882529792734,-2.2438902710011717,3.2536089764140104,1.411839215848603,-2.2438902710011717,0.4328370883433028,0.13305577664105767
3,10.91315495414608,-1.903862127985009,3.3466833652648567,1.341245470928499,-1.903862127985009,0.4113330933977743,0.12290171600825102
4,10.641420436475295,-1.9739889361360645,3.28093620019979,1.3527464122525756,-1.9739889361360645,0.41695404649022,0.12712085010905172
5,10.777849662191848,-2.077414052276177,3.311953658640407,1.3714531256394165,-2.077414052276177,0.4214514255577866,0.12724737945180334
6,10.92749851071778,-2.1187208085969202,3.3296453475471424,1.388533530333799,-2.1187208085969202,0.42306915993147953,0.1270678306633411
7,10.87732577727839,-2.160705185978022,3.304947350222529,1.402822692053943,-2.160705185978022,0.42621730927557494,0.12896760847085179
