#Run, E[Ts], E[Tq], E[s], E[Ns], E[Nq], ρ, λ
1,14.130531249550424,-5.125806178298668,3.311906377452465,2.9339655948391474,-5.125806178298668,0.6885584851712947,0.2076330707617588
