#Run, E[Ts], E[Tq], E[s], E[Ns], E[Nq], ρ, λ
1,16.654414805625894,-5.4495376044979915,3.329069456215192,3.6700374344527598,-5.4495376044979915,0.7336516087765498,0.2203642383887913
2,16.890046104465213,-5.573300072645759,3.3484909058462846,1.8745509469034138,-5.573300072645759,0.748739186012871,0.11098554351535131
3,16.57902104081584,-5.37187150636703,3.3137640279058362,1.2208625901578785,-5.37187150636703,0.7252044262091718,0.07363900360294137
4,17.606168565327543,-5.60795530844047,3.363908250430333,0.9746624135830315,-5.60795530844047,0.7502411293234893,0.05535914358462232
