#Run, E[Ts], E[Tq], E[s], E[Ns], E[Nq], ρ, λ
1,17.42423779994604,-5.634138534225082,3.3760602082676576,3.877265679986182,-5.634138534225082,0.7512302155215304,0.22252139373339985
2,17.14148428853192,-5.523826439613502,3.3430773614606277,1.9046485320198252,-5.523826439613502,0.7420147318682759,0.11111339601402444
3,17.41223917367706,-5.542145933781914,3.3523023713149445,1.2883653364761563,-5.542145933781914,0.7425204208019643,0.07399193886699199
4,16.23776602316862,-5.422275744399436,3.321387658294288,0.8992510577412012,-5.422275744399436,0.7312791995367897,0.05538022018904065
