#Run, E[Ts], E[Tq], E[s], E[Ns], E[Nq], ρ, λ
1,17.186087861622234,-5.584014509994309,3.360617597948116,3.8211578923976703,-5.584014509994309,0.7471628337583338,0.22234018138186
2,17.450638386421186,-5.462825541068108,3.318132159563948,1.9412364379397027,-5.462825541068108,0.7387464665802216,0.11124157150893868
3,18.166060541208562,-5.666477988961024,3.382125338320368,1.3486536084705707,-5.666477988961024,0.7549558759354463,0.0742402903156265
4,17.34205656133283,-5.622686745504571,3.3734146407472188,0.9652125581253372,-5.622686745504571,0.7500548649377224,0.05565732960861451
