#Run, E[Ts], E[Tq], E[s], E[Ns], E[Nq], ρ, λ
1,13.699677245230053,-4.960032165538761,3.2157444842671943,2.919420392927401,-4.960032165538761,0.6860692100008124,0.21310139944675582
2,15.038895327171616,-5.184018222061745,3.253335777131651,3.2825469382833856,-5.184018222061745,0.710957937049311,0.2182704824304897
3,15.307444331089414,-5.391747517109964,3.289183057022539,3.4093869422185965,-5.391747517109964,0.7348813265918818,0.2227273781616264
4,16.73675410119565,-5.5115919471768375,3.343266763615763,3.7031023071178195,-5.5115919471768375,0.739954094480689,0.2212557037480329
5,17.32607704418463,-5.485860279536846,3.3338717468232137,3.835780193847139,-5.485860279536846,0.7382756096523345,0.22138769117009038
6,16.751048039045095,-5.445281412280969,3.3164010899455474,3.7185621182690567,-5.445281412280969,0.7363362853158811,0.22198981876247045
7,16.969896220547295,-5.431039997367202,3.3076476252897593,3.7778142625054905,-5.431039997367202,0.7363577785975567,0.22261858372069954
