#Run, E[Ts], E[Tq], E[s], E[Ns], E[Nq], ρ, λ
1,11.358898945033864,-2.8700170630116073,3.3826616679142414,1.5578550812235166,-2.8700170630116073,0.46478106189272833,0.13714842334296973
2,11.393040386931634,-2.69781206184587,3.4396192744528222,1.494406142278843,-2.69781206184587,0.45133166524513024,0.13116833536313965
3,11.175562448626968,-2.667056325198417,3.3856908742439065,1.494055879935713,-2.667056325198417,0.4520271705361871,0.13368954688444099
4,11.020965621440677,-2.499942093600699,3.314170239316144,1.4811156309065683,-2.499942093600699,0.4452992517225997,0.13439073142784694
5,10.993888718677248,-2.3458838984546904,3.3197466855996125,1.44415867440116,-2.3458838984546904,0.4360424780549916,0.13136013210209363
6,11.079621338670716,-2.347909135025104,3.333363368192497,1.447903048670468,-2.347909135025104,0.43560958391545745,0.13068163653002432
7,10.939983978916603,-2.295366530954749,3.3092308288606573,1.4332706859517534,-2.295366530954749,0.4335809094239222,0.13101213756015861
