#Run, E[Ts], E[Tq], E[s], E[Ns], E[Nq], ρ, λ
1,17.246327457096008,-5.511965130566635,3.329093666894076,3.8535280146369013,-5.511965130566635,0.7438790386002606,0.22344049909891778
2,16.523067559739626,-5.390840754364796,3.305714937454963,1.8354428574588983,-5.390840754364796,0.7303342628103433,0.11108366232981871
3,16.251118675165877,-5.408314894195651,3.3082693897711692,1.2020845235611421,-5.408314894195651,0.7324862870929086,0.07396934005522376
4,16.845379871262704,-5.451041074902218,3.3276163939884005,0.9332136794531062,-5.451041074902218,0.734280074392866,0.05539879103855162
