#Run, E[Ts], E[Tq], E[s], E[Ns], E[Nq], ρ, λ
1,10.074545425826305,-1.6680159593124155,3.171213048945843,1.2840407378610597,-1.6680159593124155,0.40420154946878045,0.1274539627931395
2,11.39567425060207,-2.4630315615418636,3.441621253036159,1.4489401870095258,-2.4630315615418636,0.4377632549956238,0.1271482630291028
3,11.323697812948359,-2.601882114347892,3.4294946358154923,1.4733009307849703,-2.601882114347892,0.44616525327156453,0.1301077576531836
4,11.17686408821177,-2.456673211803906,3.395478013843982,1.44641370009107,-2.456673211803906,0.4392733602811157,0.12941140633682763
5,11.091731043975152,-2.3912878779126707,3.3655424351581082,1.4398888412380664,-2.3912878779126707,0.4367805554573902,0.1298164222995824
6,11.031019547562975,-2.3165038504768263,3.3470960399841325,1.428064052976942,-2.3165038504768263,0.43329314104086486,0.12945893594145944
7,11.103924284590764,-2.3108868724047045,3.3510017737281284,1.4342470862744479,-2.3108868724047045,0.43282750010836063,0.12916578405211154
