#Run, E[Ts], E[Tq], E[s], E[Ns], E[Nq], ρ, λ
1,16.491112774946647,-5.3894910345063485,3.300094000339198,3.6561430525962315,-5.3894910345063485,0.7315998512987116,0.2217038414867101
2,17.37836618339507,-5.446688013132851,3.307636691439543,1.9337273392799292,-5.446688013132851,0.7389348978284002,0.11127210227205332
3,16.546017979830392,-5.443042587969919,3.3164902711987363,1.2261953156832992,-5.443042587969919,0.7359465423945192,0.07410818223321358
4,16.897056904008046,-5.3616725063154025,3.2891981957887033,0.9387336931542484,-5.3616725063154025,0.729972275734896,0.05555604733340143
