#Run, E[Ts], E[Tq], E[s], E[Ns], E[Nq], ρ, λ
1,11.756013151820392,-2.7878721367852264,3.4456535826206927,1.5594380258175344,-2.7878721367852264,0.45643305571547427,0.13265024508551684
2,11.155489339818908,-2.4060850993429974,3.31553015327515,1.4821209186741091,-2.4060850993429974,0.4396960143614323,0.13286023351604664
3,11.465902773926489,-2.5788741709271625,3.360092271498106,1.5287401043469275,-2.5788741709271625,0.44792853165661767,0.13332924013827233
4,11.347167179394347,-2.4831370604257055,3.387188401953379,1.4778663139210124,-2.4831370604257055,0.44113044203811297,0.13024099236016484
5,11.12739403482981,-2.3467757365460686,3.351191129874072,1.4439488477850675,-2.3467757365460686,0.4348357490009424,0.12976523013972266
6,10.982335668087181,-2.2753468635988203,3.3328987483583674,1.4219180892633023,-2.2753468635988203,0.431535410835098,0.12947319515967418
7,10.927764940231237,-2.2269797716046225,3.3165616052744062,1.4150405194954867,-2.2269797716046225,0.4294559466254981,0.12949038776318553
