#Run, E[Ts], E[Tq], E[s], E[Ns], E[Nq], ρ, λ
1,16.218336068964476,-5.427679710260778,3.3335957114313057,3.5453152763610327,-5.427679710260778,0.728956353378492,0.21859919915862228
2,17.263063337228036,-5.704891481862604,3.431384656426315,3.7483216402383372,-5.704891481862604,0.7476984953105422,0.2171295770058973
3,20.41590131884708,-5.633263817063074,3.3547100442002455,4.6055975855410685,-5.633263817063074,0.7571228300064768,0.22558874641940885
4,18.779081956550037,-5.761927304115139,3.4128172735835416,4.196266627887562,-5.761927304115139,0.7623810080568001,0.2234543007798061
5,17.095103025803834,-5.518299182343805,3.3199346466162485,3.8493250766712155,-5.518299182343805,0.7474797006592095,0.22517121253150302
6,16.808403804869283,-5.546475885636533,3.3470184252930277,3.739309666508598,-5.546475885636533,0.7446788975536164,0.22246667261916594
7,17.154021371675068,-5.505032315772223,3.3315255040490435,3.820739106566347,-5.505032315772223,0.7420631935729894,0.22273139480140783
