#Run, E[Ts], E[Tq], E[s], E[Ns], E[Nq], ρ, λ
1,17.22658324013861,-5.669916434918,3.422440780133553,3.751391135906652,-5.669916434918,0.744428673581357,0.21776756792756005
