#Run, E[Ts], E[Tq], E[s], E[Ns], E[Nq], ρ, λ
1,15.263492846837654,-5.267244124957015,3.348432198005344,3.1827281098014675,-5.267244124957015,0.7007943549570897,0.20851898983664652
2,16.509220046795885,-5.164870350089853,3.3145125096517885,3.440915192126558,-5.164870350089853,0.6936060590933799,0.2084238493625489
3,15.201695548962046,-5.059960808525355,3.2455408589174355,3.24841698102743,-5.059960808525355,0.6939866553890015,0.2136878067689777
4,15.444350149579105,-5.2387430577608445,3.261188772527914,3.3969546507268396,-5.2387430577608445,0.7175611868909059,0.21994804687974617
5,16.403275857835325,-5.37344662947551,3.2900851167992577,3.647795422694185,-5.37344662947551,0.7316488916887899,0.2223821299055791
6,16.809606428839874,-5.428703214132767,3.318348589813682,3.713197365018719,-5.428703214132767,0.7331191904426415,0.2208973410970567
7,17.537701573393363,-5.520669593321476,3.345787158572658,3.882349567221367,-5.520669593321476,0.7407605490231995,0.22137162905721475
