#Run, E[Ts], E[Tq], E[s], E[Ns], E[Nq], ρ, λ
1,10.174912624414155,3.390057164319124,3.336692817364284,0.7586847062170028,3.390057164319124,0.2490044065880669,0.07456424779477513
2,10.432899677721249,4.2364960807734295,3.403985357304334,0.3741798826518796,4.2364960807734295,0.235595157275821,0.035865377240319435
