#Run, E[Ts], E[Tq], E[s], E[Ns], E[Nq], ρ, λ
1,15.233770190128102,-5.38417334264524,3.266009925952503,3.4504405081345215,-5.38417334264524,0.7399447566752214,0.22649944597237662
