#Run, E[Ts], E[Tq], E[s], E[Ns], E[Nq], ρ, λ
1,16.308463906153484,-5.174938339000846,3.3174598948155345,3.4111378894315476,-5.174938339000846,0.6944009679947206,0.20916365324538397
