#Run, E[Ts], E[Tq], E[s], E[Ns], E[Nq], ρ, λ
1,16.579331683147334,-5.481536374118117,3.33704447675461,3.6602877057443797,-5.481536374118117,0.7367199411759907,0.22077414070103998
2,17.69678596692557,-5.587376846273589,3.371864059093394,1.953718938737722,-5.587376846273589,0.7446342129546762,0.11039964784504527
3,17.536856500480326,-5.579427852497687,3.354190028474329,1.2950692228962333,-5.579427852497687,0.7481783655758972,0.07384842448022323
4,17.78026169808519,-5.501107427466912,3.3273747870859256,0.9865731519657134,-5.501107427466912,0.742549032116918,0.05548698712752695
