#Run, E[Ts], E[Tq], E[s], E[Ns], E[Nq], ρ, λ
1,10.436647531051811,-1.7660372739226784,3.184039370215402,1.3403920551315245,-1.7660372739226784,0.4089399322952935,0.1284312851558415
2,10.922748448593454,-2.354546729382144,3.283029883158354,1.4562807194726055,-2.354546729382144,0.4380560520050569,0.1333254836295469
3,11.231071998449373,-2.388061652369495,3.3864704166871555,1.4460526509052958,-2.388061652369495,0.4357634892262356,0.12875464168557962
4,11.266948148060699,-2.4739096898013786,3.3880479682625775,1.4639404197765868,-2.4739096898013786,0.44056499107141817,0.12993229404615345
5,10.81562715472545,-2.108597090394431,3.296762262245204,1.3901947347140873,-2.108597090394431,0.42365635111295763,0.12853574876669988
6,10.93865939666788,-2.2445774799816554,3.3442643682258617,1.4045765019009917,-2.2445774799816554,0.4294005879371669,0.1284048118665119
7,11.026229714618802,-2.265990847103774,3.3487628563018865,1.417202104394143,-2.265990847103774,0.43041577276895343,0.12853007247937046
