#Run, E[Ts], E[Tq], E[s], E[Ns], E[Nq], ρ, λ
1,14.38198339451704,-5.097712096846546,3.3204925589662806,2.944472282880871,-5.097712096846546,0.6826999583583095,0.20473339470016466
2,13.600813783137971,-4.949562569728561,3.2544345147363924,2.8216124186874754,-4.949562569728561,0.6760717977949641,0.20745908764559784
3,17.9069929522671,-5.538762848602799,3.3865743667682815,3.8718511630323644,-5.538762848602799,0.7328724296039765,0.21622006404722308
4,18.214421957148236,-5.544327253779173,3.3751227410598577,3.9727887833707287,-5.544327253779173,0.7367589077688642,0.21811226250919322
5,18.043592237964376,-5.584075793037188,3.392287408972221,3.928603123109433,-5.584075793037188,0.7386120512698855,0.21772843629460376
6,18.14819035106083,-5.592184079468553,3.3651943090890843,4.029449699387328,-5.592184079468553,0.7472565550648528,0.22203038547872578
7,17.60371179840656,-5.467751297306204,3.320620219995016,3.9167708074424357,-5.467751297306204,0.7388828246083592,0.22249687181296451
