#Run, E[Ts], E[Tq], E[s], E[Ns], E[Nq], ρ, λ
1,15.898159353828273,-5.374613283294661,3.2448970088928637,3.6508289550270114,-5.374613283294661,0.7442291628438817,0.22963846781092256
