#Run, E[Ts], E[Tq], E[s], E[Ns], E[Nq], ρ, λ
1,15.989201774755458,-5.392914535039974,3.3101631091388684,3.523820318216867,-5.392914535039974,0.7295005064599972,0.2203875070099152
2,17.553940868191095,-5.537335434766728,3.3304181846721956,1.9522404607346826,-5.537335434766728,0.747750036653812,0.11121379953331573
3,16.875143119898254,-5.496749352015244,3.33490317585612,1.2500391161388624,-5.496749352015244,0.739780975426859,0.0740757638176641
4,16.712433056467873,-5.5412203261426045,3.343981257603406,0.9289434243750475,-5.5412203261426045,0.7446419930590117,0.05558397279656043
