#Run, E[Ts], E[Tq], E[s], E[Ns], E[Nq], ρ, λ
1,15.892604151625935,-5.3859982574549985,3.309676087974857,3.498096256930848,-5.3859982574549985,0.7285173294611001,0.22010843682738843
2,16.723191805077942,-5.421342070903897,3.3160958517564647,1.843768389874375,-5.421342070903897,0.7325239199829358,0.11025218220091938
3,17.24007542416127,-5.417390337162458,3.307130434314266,1.2700159513092533,-5.417390337162458,0.7342650366730749,0.07366649623408128
4,17.49336071426891,-5.522889703351354,3.3391546935120977,0.9681248523663948,-5.522889703351354,0.742930122696844,0.05534241637038438
