#Run, E[Ts], E[Tq], E[s], E[Ns], E[Nq], ρ, λ
1,20.57763947489499,-5.679138286898759,3.4088161689575913,4.522620489863168,-5.679138286898759,0.7496335204896291,0.2197832504248521
