#Run, E[Ts], E[Tq], E[s], E[Ns], E[Nq], ρ, λ
1,14.598374060758886,-5.286404074542731,3.2893060647419063,3.179661474088906,-5.286404074542731,0.7179517466966806,0.21780928895608898
2,15.43755786238726,-5.523089620014362,3.335294481963515,3.4415982785497494,-5.523089620014362,0.7440213874461682,0.2229367047060604
3,15.957642228337825,-5.635235387160765,3.3480107860803905,3.622271129494175,-5.635235387160765,0.7593932784933703,0.22699287762334278
4,20.104704737288625,-5.718212814736296,3.3529314618643133,4.630901381985876,-5.718212814736296,0.772461341212069,0.23033918888631302
5,19.10891590712327,-5.637559685013137,3.358334135209232,4.305507388753882,-5.637559685013137,0.7568174614644092,0.22531405809101446
6,18.550158256696854,-5.579377066399694,3.3370744014337403,4.184709519913472,-5.579377066399694,0.7529761407768186,0.22558888511922728
7,17.644860075371597,-5.565673070009147,3.3367572523785025,3.9700525601997727,-5.565673070009147,0.750744327500999,0.22499767882779112
