#Run, E[Ts], E[Tq], E[s], E[Ns], E[Nq], ρ, λ
1,17.866240520996293,-5.648697445176423,3.3905009397602512,3.9536640113921355,-5.648697445176423,0.7496455538796395,0.22129244295943595
