#Run, E[Ts], E[Tq], E[s], E[Ns], E[Nq], ρ, λ
1,17.849933087657313,-5.552438750612962,3.3483134020895178,3.973095157103284,-5.552438750612962,0.7453115897991175,0.22258319611576352
2,16.611016980122617,-5.349642180925907,3.296986652428661,1.8386828432310742,-5.349642180925907,0.7259977862793909,0.11069056430628618
3,16.74205602843085,-5.536156268522905,3.34057414500411,1.2382602690759013,-5.536156268522905,0.744738572793938,0.07396106350218429
4,18.262942596466598,-5.507332706509023,3.3240500998431677,1.015426533413091,-5.507332706509023,0.7444985221880981,0.05560037918585745
