#Run, E[Ts], E[Tq], E[s], E[Ns], E[Nq], ρ, λ
1,13.073273186866224,-5.081903323041303,3.3518610081577838,2.6141890892655515,-5.081903323041303,0.6739197554665006,0.1999643893230839
2,15.253511675150683,-5.184220708240226,3.3071838100973854,3.215483485455208,-5.184220708240226,0.698111236925614,0.21080283372998718
3,16.356337751266523,-5.492599892337363,3.4087458313315775,3.4508250873897386,-5.492599892337363,0.7201112797773296,0.21097785701585492
4,17.152783627901265,-5.465811958234111,3.3621306711840955,3.7114088175474764,-5.465811958234111,0.7276425537339981,0.21637355767202593
5,16.166137045627345,-5.451686960319652,3.3457411739632708,3.524760476031594,-5.451686960319652,0.7296291565970278,0.21803356399140383
6,16.610633477927063,-5.4772156937585486,3.3391080030346085,3.6579575430490734,-5.4772156937585486,0.7354687974620862,0.22021782299332096
7,15.819898993084173,-5.3612423617688885,3.3025028725885295,3.479648592598966,-5.3612423617688885,0.7264209103970541,0.21995390704581166
