#Run, E[Ts], E[Tq], E[s], E[Ns], E[Nq], ρ, λ
1,16.016618488858054,-5.691537394863741,3.410983260019055,3.528796225111786,-5.691537394863741,0.7510842378331555,0.22032092651558066
