#Run, E[Ts], E[Tq], E[s], E[Ns], E[Nq], ρ, λ
1,22.89286921991108,-6.2456333856802715,3.5002934908356065,5.370253498521139,-6.2456333856802715,0.8225829004552668,0.23458193234469532
