#Run, E[Ts], E[Tq], E[s], E[Ns], E[Nq], ρ, λ
1,17.32553939488694,-5.832555570586702,3.4097078054106174,3.9310016299236126,-5.832555570586702,0.7755385394059074,0.22689057698738765
