#Run, E[Ts], E[Tq], E[s], E[Ns], E[Nq], ρ, λ
1,52.72092276261104,0.01965303391224468,1.3720422544879143,37.87639560787422,0.01965303391224468,0.9858783498973852,0.7184319549644842
2,108.99067560444166,0.010037503323989293,1.382781980528908,78.19248237363804,0.010037503323989293,0.9927933925104042,0.7174235955506958
3,132.7797234076195,0.005047857074659086,1.3771970429665523,96.05064139770921,0.005047857074659086,0.9963480732867898,0.7233833520110902
4,195.6630914029566,0.0026721662724674246,1.3872236271071412,140.76710178132114,0.0026721662724674246,0.9980774340888032,0.7194361530934804
5,383.4322689542221,0.0012681587399374606,1.393651649936939,274.8906548044508,0.0012681587399374606,0.9990908733734735,0.7169210237682679
6,454.92207329614354,6.680018898982976E-4,1.3883599831887863,327.5153538040672,6.680018898982976E-4,0.9995190868023724,0.7199372662466137
7,767.8650344678806,2.7405792423085355E-4,1.390076096966985,552.2590413624429,2.7405792423085355E-4,0.9998028856808001,0.7192136854429769
