#Run, E[Ts], E[Tq], E[s], E[Ns], E[Nq], ρ, λ
1,18.08249970964811,0.08253403452646672,1.3688968181127368,12.458238154786228,0.08253403452646672,0.9431360892071494,0.6889665895107966
2,31.239050654274486,0.04863100692372362,1.4006284832705889,21.562261659925138,0.04863100692372362,0.9664442377277769,0.6902342167358643
3,122.68911646749287,0.02431032462639267,1.4179178043131606,85.0760879621752,0.02431032462639267,0.9831439117442068,0.6934281573762621
4,266.06484256781556,0.012015132340874627,1.4058695902844478,187.63688365705835,0.012015132340874627,0.9915260160793413,0.7052299050342692
5,535.861706104069,0.006059977886655525,1.405570911596961,379.5964625488924,0.006059977886655525,0.995707108754986,0.7083851266564876
6,1075.587848411657,0.0029975882915745855,1.4080399259599454,762.265407510948,0.0029975882915745855,0.997875614034851,0.7086965594085143
7,1807.6932894658707,0.0015033250787959988,1.4023725849475066,1287.643116238343,0.0015033250787959988,0.9989291609977353,0.7123128263748825
