#Run, E[Ts], E[Tq], E[s], E[Ns], E[Nq], ρ, λ
1,15.79379763026398,0.09392294765635945,1.3740751691259192,10.772497180773875,0.09392294765635945,0.9360197083479711,0.6820713695945858
