#Run, E[Ts], E[Tq], E[s], E[Ns], E[Nq], ρ, λ
1,3.108667645163032,1.6992247966024565,1.4099938074294447,1.2340329552081002,1.6992247966024565,0.5594997993151221,0.3969652262853536
2,3.181471819430186,1.7813244588367538,1.4001585625614161,1.2767365531207986,1.7813244588367538,0.5618843782012237,0.40130374417381043
3,3.241320373302692,1.8408208658844047,1.4005891021420513,1.3289866228149247,1.8408208658844047,0.5742243580573073,0.4100139664567545
4,3.407367585845259,1.9899050607286668,1.4174889691974508,1.4134168361049047,1.9899050607286668,0.5879804121722629,0.4148119627528479
5,3.4765537963640134,2.072988054638138,1.4035655610767988,1.454844429466222,2.072988054638138,0.587354581676626,0.41847315320930306
6,3.3791722876314467,1.9779053878155337,1.4012836851118975,1.4062449021330825,1.9779053878155337,0.5831381967727972,0.4161506968082878
7,3.3549959254618607,1.9567471637782892,1.3982234274511156,1.3934637082104486,1.9567471637782892,0.5807485158683489,0.41533991073882437
