#Run, E[Ts], E[Tq], E[s], E[Ns], E[Nq], ρ, λ
1,88.59606330732727,0.02676514830190424,1.4326134562543589,60.691560624974755,0.02676514830190424,0.9816599008520873,0.6850367652843025
2,97.24081807617848,0.012695614761004117,1.3925008071105485,69.20683358989494,0.012695614761004117,0.9909652383372176,0.7117055878291593
3,102.89395786377415,0.008706041776661936,1.4115640244989078,72.4419363444714,0.008706041776661936,0.9938701504851876,0.7040446091147595
4,260.8915751689421,0.004468260904693105,1.408445223539937,184.6728433678171,0.004468260904693105,0.9968375551979041,0.7078528436505892
5,483.4039897800437,0.002142416666587157,1.3993121726331266,344.9330483892649,0.002142416666587157,0.9984712906982897,0.7135502719913727
6,968.1494299294158,0.0010790162049039993,1.4017298533822844,690.1651755858029,0.0010790162049039993,0.9992308173776934,0.7128705076406648
7,1879.192632668482,5.308460423205321E-4,1.3998010142571313,1341.9545627829607,5.308460423205321E-4,0.9996209141151676,0.7141122945322348
