#Run, E[Ts], E[Tq], E[s], E[Ns], E[Nq], ρ, λ
1,3.5690328026114404,2.167096388846936,1.4020233016901857,1.4868557021153634,2.167096388846936,0.584045388790971,0.4165990576011069
2,3.9036983399147447,2.4969365132327757,1.406787650785275,1.6555194729331422,2.4969365132327757,0.5965936389187865,0.42409001126078255
3,3.4339137955563066,2.0387052489007407,1.3953237792423692,1.4330837067151763,2.0387052489007407,0.5822658210783475,0.4173324643646191
4,3.397678828744122,1.997094660126553,1.4005895196056244,1.4328450370075854,1.997094660126553,0.5906444299377775,0.421712913205868
5,3.3092074477597366,1.9130118001108516,1.3961450257567518,1.3770781583444374,1.9130118001108516,0.5810063471404847,0.4161353375644945
6,3.3084490905729185,1.9088837343714278,1.3995796145681594,1.368292990444667,1.9088837343714278,0.5788257319770953,0.41357534995580725
7,3.3551420039568676,1.9554278955465958,1.3997311764430298,1.3949354074460638,1.9554278955465958,0.5819457918087357,0.4157604673068844
