#Run, E[Ts], E[Tq], E[s], E[Ns], E[Nq], ρ, λ
1,79.95864151006076,0.024529477287744905,1.4208990117997324,55.373191555789205,0.024529477287744905,0.9830296154580219,0.6925229157228978
