#Run, E[Ts], E[Tq], E[s], E[Ns], E[Nq], ρ, λ
1,97.67945199671776,5.103456242924072E-4,1.4190772719591511,68.85700851719922,5.103456242924072E-4,0.9996404972697908,0.7049282844002132
2,159.76633454933318,0.0015682255248111372,1.4146336484946276,112.79648427257948,0.0015682255248111372,0.9988926539686321,0.7060090887780229
3,210.80002160413116,8.025489281199289E-4,1.4082800320657838,149.6306631350767,8.025489281199289E-4,0.999430445781571,0.7098228074002452
4,271.12674953694733,2.700803026287812E-4,1.4019898888994466,193.3449830235135,2.700803026287812E-4,0.9998073964111074,0.7131165897637324
5,326.61438442800215,9.178724584954922E-5,1.39367805792637,234.34055697471697,9.178724584954922E-5,0.9999341446178023,0.7174838835868059
6,653.78124515289,8.758511915941444E-5,1.3988167468660466,467.3469390497266,8.758511915941444E-5,0.9999373902009188,0.7148368701528524
7,1209.665204625415,4.9068046180967625E-5,1.397811525115713,865.3677784876696,4.9068046180967625E-5,0.9999648977541673,0.7153779204185999
