#Run, E[Ts], E[Tq], E[s], E[Ns], E[Nq], ρ, λ
1,46.29178666835231,0.014653500987209243,1.405088272292522,32.49435120151843,0.014653500987209243,0.9896787561914457,0.701946361118384
2,57.44860790865571,0.0068922109351510314,1.3931219869733222,40.96335046911652,0.0068922109351510314,0.9950770421146817,0.7130433958338723
3,106.6643490969285,0.0040858370547975755,1.3934103567258198,76.25494721328262,0.0040858370547975755,0.9970763161481362,0.714905663034496
4,197.23322816688466,0.0018607215816116266,1.3835629554809183,142.30095477263944,0.0018607215816116266,0.9986569295642782,0.7214857055031039
5,277.2263124338443,0.001018776644307917,1.3870147692385952,199.6921728143164,0.001018776644307917,0.9992660288021642,0.7203218592822778
6,476.51993597578723,5.1910555057574E-4,1.396243828713433,341.11929024051005,5.1910555057574E-4,0.9996283509979814,0.7158552339305335
7,1156.756996489155,2.63212401063858E-4,1.3981059059831475,827.1827623681402,2.63212401063858E-4,0.999811771872245,0.7150877538486496
