#Run, E[Ts], E[Tq], E[s], E[Ns], E[Nq], ρ, λ
1,62.10246062865707,0.0017242247921682718,1.4095796014114692,44.0747436586399,0.0017242247921682718,0.9987782752656411,0.7097101018619171
