#Run, E[Ts], E[Tq], E[s], E[Ns], E[Nq], ρ, λ
1,3.8981186912291776,2.489352785202185,1.4089358917786783,1.653168614280143,2.489352785202185,0.5974491197386701,0.42409396563521673
2,3.487256868351189,2.0846948739858537,1.402643408882917,1.4550051019281913,2.0846948739858537,0.5851977455669854,0.4172348515915699
3,3.3089936521500807,1.9221391193102113,1.3869782020910857,1.3708497581299393,1.9221391193102113,0.5745460405068045,0.4142799600836961
4,3.293393107146891,1.896627840606476,1.3969608642517446,1.3643656315106298,1.896627840606476,0.5786428959300386,0.4142735431582285
5,3.363183388960397,1.963318977211423,1.3996918326233576,1.3937672298203343,1.963318977211423,0.5801304649909218,0.4144190395312239
6,3.346994562191755,1.9491046233025835,1.397906245611251,1.3862144675424022,1.9491046233025835,0.5789597865528878,0.41416693149171113
7,3.3509296088779426,1.9536816182753307,1.3972266906244344,1.3938464393204504,1.9536816182753307,0.5811966719292262,0.4159581375948925
