#Run, E[Ts], E[Tq], E[s], E[Ns], E[Nq], ρ, λ
1,47.59402352186704,0.0344905353035827,1.4201032173624444,32.698343221620775,0.0344905353035827,0.9762885443166744,0.6870262440954912
