#Run, E[Ts], E[Tq], E[s], E[Ns], E[Nq], ρ, λ
1,34.36500758807186,0.026944104326823703,1.4376133244650775,23.349188614992773,0.026944104326823703,0.9816025621139011,0.6794466305631577
