#Run, E[Ts], E[Tq], E[s], E[Ns], E[Nq], ρ, λ
1,111.17030820589498,0.014384624328886658,1.4208396834502737,77.46921101977617,0.014384624328886658,0.9899774381949082,0.6968516348474803
2,128.28424517800482,0.006844311018628959,1.398191243811584,91.26969173379796,0.006844311018628959,0.9951287275292787,0.7114645419408583
3,97.38783722154128,0.007208437747667882,1.3874308873615213,69.83466907146091,0.007208437747667882,0.9948313247605408,0.7170779335883448
4,99.82299701428315,0.008683963565113922,1.379155509794634,71.93965994320749,0.008683963565113922,0.9937428184369973,0.7206722107623559
5,120.92869358584166,0.005014816738142988,1.3845218671811856,87.02725656392998,0.005014816738142988,0.9963910152238672,0.7196576261873976
6,301.42902176601035,0.002505731897590408,1.3864223440997043,217.0210921738103,0.002505731897590408,0.9981959239352324,0.7199741116576253
7,776.4138090172288,0.0012520899044645888,1.3894188497694562,558.3065618546632,0.0012520899044645888,0.9990996504861472,0.7190837609667943
