#Run, E[Ts], E[Tq], E[s], E[Ns], E[Nq], ρ, λ
1,59.71481577685094,0.043645180742030165,1.4332412685787659,40.42754456153798,0.043645180742030165,0.9704478426475495,0.6770102869045462
