#Run, E[Ts], E[Tq], E[s], E[Ns], E[Nq], ρ, λ
1,4.956644983922263,-4.460629683585888,0.20665786905203656,9.930177359207274,-4.460629683585888,0.4140119624277662,2.0034070205587704
2,5.023378354722406,-4.526247623113875,0.2095208483106387,10.00155223865998,-4.526247623113875,0.4171621837978338,1.9910011813578934
3,4.988458916602519,-4.486891169768232,0.2078987551109154,9.923624070570698,-4.486891169768232,0.41358157908565457,1.9893165878429975
4,5.001721322292309,-4.503142463310822,0.20841312213300725,10.028031426542682,-4.503142463310822,0.4178520980083138,2.004916063965514
5,4.995841886826542,-4.494476217436984,0.20816714964283767,9.961245753018915,-4.494476217436984,0.41505975537933465,1.993907329070115
6,4.9985505128973164,-4.496452191785275,0.2082897673435935,9.947282888053577,-4.496452191785275,0.41450516476225463,1.990033483184272
7,5.010273316190556,-4.509236046134022,0.20876315462290287,9.998947927489395,-4.509236046134022,0.4166266749214602,1.9956891164356398
