#Run, E[Ts], E[Tq], E[s], E[Ns], E[Nq], ρ, λ
1,5.022687922229817,-4.6852566317679925,0.20775264789129247,16.67212511806202,-4.6852566317679925,0.6906511643181344,3.319363133089194
2,5.07746544106569,-4.7262952002824345,0.20930857454777066,17.075987330178325,-4.7262952002824345,0.7044803598148981,3.363092773034081
3,5.079160611368872,-4.718809856382021,0.208879027439136,17.25434772607668,-4.718809856382021,0.7097804791379265,3.397086457052695
4,5.056484801914115,-4.699205764904868,0.20798287405763116,17.291189786567863,-4.699205764904868,0.711336578782142,3.419606794827573
5,5.053406482512993,-4.703602722782874,0.208124755425409,17.340696022266844,-4.703602722782874,0.7142446555414961,3.43148647991672
6,5.059173067547379,-4.707868349879685,0.20831817214704137,17.33900340414383,-4.707868349879685,0.7139862083793395,3.4272406127726236
7,5.070317391853955,-4.716873354014488,0.2086671157682032,17.415149813580538,-4.716873354014488,0.7167306511081293,3.4347257711243024
