#Run, E[Ts], E[Tq], E[s], E[Ns], E[Nq], ρ, λ
1,4.713475182657589,-4.531397922243673,0.20264967761943867,14.059273983612812,-4.531397922243673,0.6100335040009296,2.9827830716795667
