#Run, E[Ts], E[Tq], E[s], E[Ns], E[Nq], ρ, λ
1,0.3022458044385825,-0.027242899859767078,0.09544466096274247,1.153509171475729,-0.027242899859767078,0.36838265465221803,3.8164604918779825
