#Run, E[Ts], E[Tq], E[s], E[Ns], E[Nq], ρ, λ
1,0.32983217118990077,-0.06008932451157681,0.10006077611829618,1.3720611130346463,-0.06008932451157681,0.4167583999390391,4.159876545956102
2,0.3310021028547833,-0.064811868175506,0.10045158936855747,1.3984323010570308,-0.064811868175506,0.4246654175551808,4.224844159586952
3,0.3271836265303898,-0.0648471249461153,0.09995877213232553,1.3916592162069377,-0.0648471249461153,0.42530364639076934,4.253450060948194
4,0.32788027779629714,-0.06678250719273207,0.10005041119742271,1.404758187916494,-0.06678250719273207,0.42872244598075504,4.284363174747678
5,0.32821207072733355,-0.0666308683535907,0.09983151095000292,1.4093397946728534,-0.0666308683535907,0.4287122731916749,4.293991356106098
6,0.32824753028976056,-0.06620622950151149,0.09974411019259082,1.4085763308033374,-0.06620622950151149,0.4280383602176315,4.291201611052234
7,0.3285883792801416,-0.0665572472314696,0.09980260596650035,1.411126838930115,-0.0665572472314696,0.42861224552799637,4.294512307530643
