#Run, E[Ts], E[Tq], E[s], E[Ns], E[Nq], ρ, λ
1,4.520560200502601,-1.5494266027573584,0.22386193322359008,18.692769735043424,-1.5494266027573584,0.9270840571875912,4.1350560341979605
2,6.3466846470765805,-1.5655737654796409,0.22539796962115477,26.691179167126826,-1.5655737654796409,0.9486047628221177,4.205531021526547
3,7.349612196042215,-1.565111288947087,0.22504172630197591,31.23128651444161,-1.565111288947087,0.9567184506688563,4.2493788354247775
4,7.693025086565773,-1.567715342344543,0.2251971814351174,32.890118713441005,-1.567715342344543,0.9629485608708626,4.275316711351505
5,9.340899106792689,-1.5734298820130346,0.2257877126375894,40.10842479300561,-1.5734298820130346,0.9695793742761811,4.293850552763044
6,9.487751943076516,-1.571739262713742,0.22559850252800379,40.70956341050938,-1.571739262713742,0.9680313464792637,4.290749131591316
7,8.599511356682813,-1.567820669600622,0.22508551925714812,36.92852114023734,-1.567820669600622,0.966598605111633,4.29425808148269
