#Run, E[Ts], E[Tq], E[s], E[Ns], E[Nq], ρ, λ
1,1.852708557511389,-1.4130346995234482,0.22676233079214705,4.619265617022573,-1.4130346995234482,0.5654019330175929,2.4932500032424434
2,1.8409248185895042,-1.394125863928038,0.22448291133889692,4.5822554577370305,-1.394125863928038,0.5587801792240673,2.4891051559877946
3,1.8411953241424726,-1.3924339338621046,0.22428032080094357,4.582518255774357,-1.3924339338621046,0.5581769594648464,2.4888821928269027
4,1.8410437205289756,-1.3877710967782289,0.22334909869635464,4.6138655421488695,-1.3877710967782289,0.5597417451999043,2.5061140540558138
5,1.850114154217596,-1.3948588777933821,0.2244601386805305,4.61587247434752,-1.3948588777933821,0.5599992239852791,2.494912253833088
6,1.849807448993633,-1.3958659946725405,0.22465391662997852,4.608793626577288,-1.3958659946725405,0.5597242590599559,2.491499117426871
7,1.8522808824486665,-1.3976363950055328,0.2248033935641914,4.621573058761811,-1.3976363950055328,0.5608996504948187,2.495071402266061
