#Run, E[Ts], E[Tq], E[s], E[Ns], E[Nq], ρ, λ
1,2.8222682166638,-1.5292733797022247,0.22428337947087862,10.525757028489563,-1.5292733797022247,0.8463726369963737,3.72953816591254
