#Run, E[Ts], E[Tq], E[s], E[Ns], E[Nq], ρ, λ
1,0.1515335890858027,0.20056471764062472,0.09995559594960642,0.5030367744722328,0.20056471764062472,0.33260845084135976,3.3196387514282324
2,0.1502297433280315,0.1971230719940569,0.09981353585128289,0.5052696600737058,0.1971230719940569,0.3361442584515245,3.363313075563427
3,0.15264544191341858,0.19424581381136036,0.09995818024359543,0.518507826191406,0.19424581381136036,0.33975806672741415,3.3968117206244965
4,0.15094671653455635,0.1930664365332307,0.09927345070582767,0.516168987739313,0.1930664365332307,0.33958229800043566,3.4195443239147636
5,0.15182811253549366,0.19170664674326918,0.0996629827428753,0.5209975833665436,0.19170664674326918,0.34205000335360825,3.4314961482824677
6,0.15156144388936732,0.19198616839730728,0.09977086244438625,0.5194333725906644,0.19198616839730728,0.34196558059477106,3.4272131437981423
7,0.15188686902511833,0.19129508758906102,0.09983702320269972,0.5216896984200037,0.19129508758906102,0.34292686894339375,3.43472547540452
