#Run, E[Ts], E[Tq], E[s], E[Ns], E[Nq], ρ, λ
1,0.1402516864160629,0.23107476079376515,0.09870909790763988,0.41765570850189787,0.23107476079376515,0.299314521627372,2.9779015081708433
