#Run, E[Ts], E[Tq], E[s], E[Ns], E[Nq], ρ, λ
1,0.12482782681318327,0.025114589881717022,0.09971408583285035,0.2500761949282765,0.025114589881717022,0.19976240484520916,2.003368970786773
2,0.12403164548946465,0.024585245400044378,0.09944663934345443,0.24695066151942732,0.024585245400044378,0.19800071337353964,1.9910294711070613
3,0.12283010165578662,0.023752483330861298,0.09907798541612267,0.24435099370820862,0.023752483330861298,0.19709919771769221,1.9893412967528636
4,0.12407855013353197,0.0247732412693937,0.09930574944236736,0.24876784129762305,0.0247732412693937,0.19909941959298566,2.0049222128232627
5,0.1244345947791661,0.02475572098078509,0.09967903900545964,0.2481073145228816,0.02475572098078509,0.19874744428325344,1.993877305287949
6,0.12386737524728467,0.024282742315433734,0.09958464232979229,0.24650114808975498,0.024282742315433734,0.19817749670396922,1.9900409417544238
7,0.12462513349080293,0.024757390406739785,0.09986777432328267,0.24871321317071196,0.024757390406739785,0.1993051207152971,1.995690646053081
